clip_name,O,C,E,A,N
S04_kinect_2_clip2.npy,1.0,0.0,1.0,1.0,0.0
S04_kinect_2_clip3.npy,1.0,0.0,1.0,1.0,0.0
S04_kinect_2_clip4.npy,1.0,0.0,1.0,1.0,0.0
S04_kinect_2_clip5.npy,1.0,0.0,1.0,1.0,0.0
S04_kinect_2_clip6.npy,1.0,0.0,1.0,1.0,0.0
S04_kinect_2_clip7.npy,1.0,0.0,1.0,1.0,0.0
S04_kinect_2_clip8.npy,1.0,0.0,1.0,1.0,0.0
S04_kinect_2_clip9.npy,1.0,0.0,1.0,1.0,0.0
S04_kinect_2_clip10.npy,1.0,0.0,1.0,1.0,0.0
S04_kinect_2_clip11.npy,1.0,0.0,1.0,1.0,0.0
S04_kinect_2_clip12.npy,1.0,0.0,1.0,1.0,0.0
S04_kinect_2_clip13.npy,1.0,0.0,1.0,1.0,0.0
S04_kinect_2_clip14.npy,1.0,0.0,1.0,1.0,0.0
S04_kinect_2_clip15.npy,1.0,0.0,1.0,1.0,0.0
S04_kinect_2_clip16.npy,1.0,0.0,1.0,1.0,0.0
S04_kinect_2_clip17.npy,1.0,0.0,1.0,1.0,0.0
S04_kinect_2_clip18.npy,1.0,0.0,1.0,1.0,0.0
S04_kinect_2_clip19.npy,1.0,0.0,1.0,1.0,0.0
S04_kinect_2_clip20.npy,1.0,0.0,1.0,1.0,0.0
S04_kinect_2_clip21.npy,1.0,0.0,1.0,1.0,0.0
S04_kinect_2_clip22.npy,1.0,0.0,1.0,1.0,0.0
S04_kinect_2_clip23.npy,1.0,0.0,1.0,1.0,0.0
S04_kinect_2_clip24.npy,1.0,0.0,1.0,1.0,0.0
S04_kinect_2_clip25.npy,1.0,0.0,1.0,1.0,0.0
S04_kinect_2_clip26.npy,1.0,0.0,1.0,1.0,0.0
S04_kinect_2_clip27.npy,1.0,0.0,1.0,1.0,0.0
S04_kinect_2_clip28.npy,1.0,0.0,1.0,1.0,0.0
S04_kinect_2_clip29.npy,1.0,0.0,1.0,1.0,0.0
S04_kinect_2_clip30.npy,1.0,0.0,1.0,1.0,0.0
S04_kinect_2_clip31.npy,1.0,0.0,1.0,1.0,0.0
S04_kinect_2_clip32.npy,1.0,0.0,1.0,1.0,0.0
S04_kinect_2_clip33.npy,1.0,0.0,1.0,1.0,0.0
S04_kinect_2_clip34.npy,1.0,0.0,1.0,1.0,0.0
S04_kinect_2_clip35.npy,1.0,0.0,1.0,1.0,0.0
S04_kinect_2_clip36.npy,1.0,0.0,1.0,1.0,0.0
S04_kinect_2_clip37.npy,1.0,0.0,1.0,1.0,0.0
S04_kinect_2_clip38.npy,1.0,0.0,1.0,1.0,0.0
S04_kinect_2_clip39.npy,1.0,0.0,1.0,1.0,0.0
S04_kinect_2_clip40.npy,1.0,0.0,1.0,1.0,0.0
S04_kinect_2_clip41.npy,1.0,0.0,1.0,1.0,0.0
S04_kinect_2_clip42.npy,1.0,0.0,1.0,1.0,0.0
S04_kinect_2_clip43.npy,1.0,0.0,1.0,1.0,0.0
S04_kinect_2_clip44.npy,1.0,0.0,1.0,1.0,0.0
S04_kinect_2_clip45.npy,1.0,0.0,1.0,1.0,0.0
S04_kinect_2_clip46.npy,1.0,0.0,1.0,1.0,0.0
S04_kinect_2_clip47.npy,1.0,0.0,1.0,1.0,0.0
S04_kinect_2_clip48.npy,1.0,0.0,1.0,1.0,0.0
S04_kinect_2_clip49.npy,1.0,0.0,1.0,1.0,0.0
S04_kinect_2_clip50.npy,1.0,0.0,1.0,1.0,0.0
S04_kinect_2_clip51.npy,1.0,0.0,1.0,1.0,0.0
S04_kinect_2_clip52.npy,1.0,0.0,1.0,1.0,0.0
S04_kinect_2_clip53.npy,1.0,0.0,1.0,1.0,0.0
S04_kinect_2_clip54.npy,1.0,0.0,1.0,1.0,0.0
S04_kinect_2_clip55.npy,1.0,0.0,1.0,1.0,0.0
S04_kinect_2_clip56.npy,1.0,0.0,1.0,1.0,0.0
S04_kinect_2_clip57.npy,1.0,0.0,1.0,1.0,0.0
S04_kinect_2_clip58.npy,1.0,0.0,1.0,1.0,0.0
S04_kinect_2_clip59.npy,1.0,0.0,1.0,1.0,0.0
S04_kinect_2_clip60.npy,1.0,0.0,1.0,1.0,0.0
S04_kinect_2_clip61.npy,1.0,0.0,1.0,1.0,0.0
S04_kinect_2_clip62.npy,1.0,0.0,1.0,1.0,0.0
S04_kinect_2_clip63.npy,1.0,0.0,1.0,1.0,0.0
S04_kinect_2_clip64.npy,1.0,0.0,1.0,1.0,0.0
S04_kinect_2_clip65.npy,1.0,0.0,1.0,1.0,0.0
S04_kinect_2_clip66.npy,1.0,0.0,1.0,1.0,0.0
S04_kinect_2_clip67.npy,1.0,0.0,1.0,1.0,0.0
S04_kinect_2_clip68.npy,1.0,0.0,1.0,1.0,0.0
S04_kinect_2_clip69.npy,1.0,0.0,1.0,1.0,0.0
S04_kinect_2_clip70.npy,1.0,0.0,1.0,1.0,0.0
S04_kinect_2_clip71.npy,1.0,0.0,1.0,1.0,0.0
S04_kinect_2_clip72.npy,1.0,0.0,1.0,1.0,0.0
S04_kinect_2_clip73.npy,1.0,0.0,1.0,1.0,0.0
S04_kinect_2_clip74.npy,1.0,0.0,1.0,1.0,0.0
S04_kinect_2_clip75.npy,1.0,0.0,1.0,1.0,0.0
S04_kinect_2_clip76.npy,1.0,0.0,1.0,1.0,0.0
S04_kinect_2_clip77.npy,1.0,0.0,1.0,1.0,0.0
S04_kinect_2_clip78.npy,1.0,0.0,1.0,1.0,0.0
S04_kinect_2_clip79.npy,1.0,0.0,1.0,1.0,0.0
S04_kinect_2_clip80.npy,1.0,0.0,1.0,1.0,0.0
S04_kinect_2_clip81.npy,1.0,0.0,1.0,1.0,0.0
S04_kinect_2_clip82.npy,1.0,0.0,1.0,1.0,0.0
S04_kinect_2_clip83.npy,1.0,0.0,1.0,1.0,0.0
S04_kinect_2_clip84.npy,1.0,0.0,1.0,1.0,0.0
S04_kinect_2_clip85.npy,1.0,0.0,1.0,1.0,0.0
S04_kinect_2_clip86.npy,1.0,0.0,1.0,1.0,0.0
S04_kinect_2_clip87.npy,1.0,0.0,1.0,1.0,0.0
S04_kinect_2_clip88.npy,1.0,0.0,1.0,1.0,0.0
S04_kinect_2_clip89.npy,1.0,0.0,1.0,1.0,0.0
S04_kinect_2_clip90.npy,1.0,0.0,1.0,1.0,0.0
S04_kinect_2_clip91.npy,1.0,0.0,1.0,1.0,0.0
S04_kinect_2_clip92.npy,1.0,0.0,1.0,1.0,0.0
S04_kinect_2_clip93.npy,1.0,0.0,1.0,1.0,0.0
S04_kinect_2_clip94.npy,1.0,0.0,1.0,1.0,0.0
S04_kinect_2_clip95.npy,1.0,0.0,1.0,1.0,0.0
S04_kinect_2_clip96.npy,1.0,0.0,1.0,1.0,0.0
S04_kinect_2_clip97.npy,1.0,0.0,1.0,1.0,0.0
S04_kinect_2_clip98.npy,1.0,0.0,1.0,1.0,0.0
S04_kinect_2_clip99.npy,1.0,0.0,1.0,1.0,0.0
S04_kinect_2_clip100.npy,1.0,0.0,1.0,1.0,0.0
S04_kinect_2_clip101.npy,1.0,0.0,1.0,1.0,0.0
S04_kinect_2_clip102.npy,1.0,0.0,1.0,1.0,0.0
S04_kinect_2_clip103.npy,1.0,0.0,1.0,1.0,0.0
S04_kinect_2_clip104.npy,1.0,0.0,1.0,1.0,0.0
S04_kinect_2_clip105.npy,1.0,0.0,1.0,1.0,0.0
S04_kinect_2_clip106.npy,1.0,0.0,1.0,1.0,0.0
S04_kinect_2_clip107.npy,1.0,0.0,1.0,1.0,0.0
S04_kinect_2_clip108.npy,1.0,0.0,1.0,1.0,0.0
S04_kinect_2_clip109.npy,1.0,0.0,1.0,1.0,0.0
S04_kinect_2_clip110.npy,1.0,0.0,1.0,1.0,0.0
S04_kinect_2_clip111.npy,1.0,0.0,1.0,1.0,0.0
S04_kinect_2_clip112.npy,1.0,0.0,1.0,1.0,0.0
S04_kinect_2_clip113.npy,1.0,0.0,1.0,1.0,0.0
S04_kinect_2_clip114.npy,1.0,0.0,1.0,1.0,0.0
S04_kinect_2_clip115.npy,1.0,0.0,1.0,1.0,0.0
S04_kinect_2_clip116.npy,1.0,0.0,1.0,1.0,0.0
S04_kinect_2_clip117.npy,1.0,0.0,1.0,1.0,0.0
S04_kinect_2_clip118.npy,1.0,0.0,1.0,1.0,0.0
S04_kinect_2_clip119.npy,1.0,0.0,1.0,1.0,0.0
S04_kinect_2_clip120.npy,1.0,0.0,1.0,1.0,0.0
S04_kinect_2_clip121.npy,1.0,0.0,1.0,1.0,0.0
S04_kinect_2_clip122.npy,1.0,0.0,1.0,1.0,0.0
S04_kinect_2_clip123.npy,1.0,0.0,1.0,1.0,0.0
S04_kinect_2_clip124.npy,1.0,0.0,1.0,1.0,0.0
S04_kinect_2_clip125.npy,1.0,0.0,1.0,1.0,0.0
S04_kinect_2_clip126.npy,1.0,0.0,1.0,1.0,0.0
S04_kinect_2_clip127.npy,1.0,0.0,1.0,1.0,0.0
S04_kinect_2_clip128.npy,1.0,0.0,1.0,1.0,0.0
S04_kinect_2_clip129.npy,1.0,0.0,1.0,1.0,0.0
S04_kinect_2_clip130.npy,1.0,0.0,1.0,1.0,0.0
S04_kinect_2_clip131.npy,1.0,0.0,1.0,1.0,0.0
S04_kinect_2_clip132.npy,1.0,0.0,1.0,1.0,0.0
S04_kinect_2_clip133.npy,1.0,0.0,1.0,1.0,0.0
S04_kinect_2_clip134.npy,1.0,0.0,1.0,1.0,0.0
S04_kinect_2_clip135.npy,1.0,0.0,1.0,1.0,0.0
S04_kinect_2_clip136.npy,1.0,0.0,1.0,1.0,0.0
S04_kinect_2_clip137.npy,1.0,0.0,1.0,1.0,0.0
S04_kinect_2_clip138.npy,1.0,0.0,1.0,1.0,0.0
S04_kinect_2_clip139.npy,1.0,0.0,1.0,1.0,0.0
S04_kinect_2_clip140.npy,1.0,0.0,1.0,1.0,0.0
S04_kinect_2_clip141.npy,1.0,0.0,1.0,1.0,0.0
S04_kinect_2_clip142.npy,1.0,0.0,1.0,1.0,0.0
S04_kinect_2_clip143.npy,1.0,0.0,1.0,1.0,0.0
S04_kinect_2_clip144.npy,1.0,0.0,1.0,1.0,0.0
S04_kinect_2_clip145.npy,1.0,0.0,1.0,1.0,0.0
S04_kinect_2_clip146.npy,1.0,0.0,1.0,1.0,0.0
S04_kinect_2_clip147.npy,1.0,0.0,1.0,1.0,0.0
S04_kinect_2_clip148.npy,1.0,0.0,1.0,1.0,0.0
S04_kinect_2_clip149.npy,1.0,0.0,1.0,1.0,0.0
S04_kinect_2_clip150.npy,1.0,0.0,1.0,1.0,0.0
S04_kinect_2_clip151.npy,1.0,0.0,1.0,1.0,0.0
S04_kinect_2_clip152.npy,1.0,0.0,1.0,1.0,0.0
S04_kinect_2_clip153.npy,1.0,0.0,1.0,1.0,0.0
S04_kinect_2_clip154.npy,1.0,0.0,1.0,1.0,0.0
S04_kinect_2_clip155.npy,1.0,0.0,1.0,1.0,0.0
S04_kinect_2_clip156.npy,1.0,0.0,1.0,1.0,0.0
S04_kinect_2_clip157.npy,1.0,0.0,1.0,1.0,0.0
S04_kinect_2_clip158.npy,1.0,0.0,1.0,1.0,0.0
S04_kinect_2_clip159.npy,1.0,0.0,1.0,1.0,0.0
S04_kinect_2_clip160.npy,1.0,0.0,1.0,1.0,0.0
S04_kinect_2_clip161.npy,1.0,0.0,1.0,1.0,0.0
S04_kinect_2_clip162.npy,1.0,0.0,1.0,1.0,0.0
S04_kinect_2_clip163.npy,1.0,0.0,1.0,1.0,0.0
S04_kinect_2_clip164.npy,1.0,0.0,1.0,1.0,0.0
S04_kinect_2_clip165.npy,1.0,0.0,1.0,1.0,0.0
S04_kinect_2_clip166.npy,1.0,0.0,1.0,1.0,0.0
S04_kinect_2_clip167.npy,1.0,0.0,1.0,1.0,0.0
S04_kinect_2_clip168.npy,1.0,0.0,1.0,1.0,0.0
S04_kinect_2_clip169.npy,1.0,0.0,1.0,1.0,0.0
S04_kinect_2_clip170.npy,1.0,0.0,1.0,1.0,0.0
S04_kinect_2_clip171.npy,1.0,0.0,1.0,1.0,0.0
S04_kinect_2_clip172.npy,1.0,0.0,1.0,1.0,0.0
S04_kinect_2_clip173.npy,1.0,0.0,1.0,1.0,0.0
S04_kinect_2_clip174.npy,1.0,0.0,1.0,1.0,0.0
S04_kinect_2_clip175.npy,1.0,0.0,1.0,1.0,0.0
S04_kinect_2_clip176.npy,1.0,0.0,1.0,1.0,0.0
S04_kinect_2_clip177.npy,1.0,0.0,1.0,1.0,0.0
S04_kinect_2_clip178.npy,1.0,0.0,1.0,1.0,0.0
S04_kinect_2_clip179.npy,1.0,0.0,1.0,1.0,0.0
S04_kinect_2_clip180.npy,1.0,0.0,1.0,1.0,0.0
S04_kinect_2_clip181.npy,1.0,0.0,1.0,1.0,0.0
S05_kinect_2_clip1.npy,1.0,0.0,1.0,1.0,1.0
S05_kinect_2_clip2.npy,1.0,0.0,1.0,1.0,1.0
S05_kinect_2_clip3.npy,1.0,0.0,1.0,1.0,1.0
S05_kinect_2_clip4.npy,1.0,0.0,1.0,1.0,1.0
S05_kinect_2_clip5.npy,1.0,0.0,1.0,1.0,1.0
S05_kinect_2_clip6.npy,1.0,0.0,1.0,1.0,1.0
S05_kinect_2_clip7.npy,1.0,0.0,1.0,1.0,1.0
S05_kinect_2_clip8.npy,1.0,0.0,1.0,1.0,1.0
S05_kinect_2_clip9.npy,1.0,0.0,1.0,1.0,1.0
S05_kinect_2_clip10.npy,1.0,0.0,1.0,1.0,1.0
S05_kinect_2_clip11.npy,1.0,0.0,1.0,1.0,1.0
S05_kinect_2_clip12.npy,1.0,0.0,1.0,1.0,1.0
S05_kinect_2_clip13.npy,1.0,0.0,1.0,1.0,1.0
S05_kinect_2_clip14.npy,1.0,0.0,1.0,1.0,1.0
S05_kinect_2_clip15.npy,1.0,0.0,1.0,1.0,1.0
S05_kinect_2_clip16.npy,1.0,0.0,1.0,1.0,1.0
S05_kinect_2_clip17.npy,1.0,0.0,1.0,1.0,1.0
S05_kinect_2_clip18.npy,1.0,0.0,1.0,1.0,1.0
S05_kinect_2_clip19.npy,1.0,0.0,1.0,1.0,1.0
S05_kinect_2_clip20.npy,1.0,0.0,1.0,1.0,1.0
S05_kinect_2_clip21.npy,1.0,0.0,1.0,1.0,1.0
S05_kinect_2_clip22.npy,1.0,0.0,1.0,1.0,1.0
S05_kinect_2_clip23.npy,1.0,0.0,1.0,1.0,1.0
S05_kinect_2_clip24.npy,1.0,0.0,1.0,1.0,1.0
S05_kinect_2_clip25.npy,1.0,0.0,1.0,1.0,1.0
S05_kinect_2_clip26.npy,1.0,0.0,1.0,1.0,1.0
S05_kinect_2_clip27.npy,1.0,0.0,1.0,1.0,1.0
S05_kinect_2_clip28.npy,1.0,0.0,1.0,1.0,1.0
S05_kinect_2_clip29.npy,1.0,0.0,1.0,1.0,1.0
S05_kinect_2_clip30.npy,1.0,0.0,1.0,1.0,1.0
S05_kinect_2_clip31.npy,1.0,0.0,1.0,1.0,1.0
S05_kinect_2_clip32.npy,1.0,0.0,1.0,1.0,1.0
S05_kinect_2_clip33.npy,1.0,0.0,1.0,1.0,1.0
S05_kinect_2_clip34.npy,1.0,0.0,1.0,1.0,1.0
S05_kinect_2_clip35.npy,1.0,0.0,1.0,1.0,1.0
S05_kinect_2_clip36.npy,1.0,0.0,1.0,1.0,1.0
S05_kinect_2_clip37.npy,1.0,0.0,1.0,1.0,1.0
S05_kinect_2_clip38.npy,1.0,0.0,1.0,1.0,1.0
S05_kinect_2_clip39.npy,1.0,0.0,1.0,1.0,1.0
S05_kinect_2_clip40.npy,1.0,0.0,1.0,1.0,1.0
S05_kinect_2_clip41.npy,1.0,0.0,1.0,1.0,1.0
S05_kinect_2_clip42.npy,1.0,0.0,1.0,1.0,1.0
S05_kinect_2_clip43.npy,1.0,0.0,1.0,1.0,1.0
S05_kinect_2_clip44.npy,1.0,0.0,1.0,1.0,1.0
S05_kinect_2_clip45.npy,1.0,0.0,1.0,1.0,1.0
S05_kinect_2_clip46.npy,1.0,0.0,1.0,1.0,1.0
S05_kinect_2_clip47.npy,1.0,0.0,1.0,1.0,1.0
S05_kinect_2_clip48.npy,1.0,0.0,1.0,1.0,1.0
S05_kinect_2_clip49.npy,1.0,0.0,1.0,1.0,1.0
S05_kinect_2_clip50.npy,1.0,0.0,1.0,1.0,1.0
S05_kinect_2_clip51.npy,1.0,0.0,1.0,1.0,1.0
S05_kinect_2_clip52.npy,1.0,0.0,1.0,1.0,1.0
S05_kinect_2_clip53.npy,1.0,0.0,1.0,1.0,1.0
S05_kinect_2_clip54.npy,1.0,0.0,1.0,1.0,1.0
S05_kinect_2_clip55.npy,1.0,0.0,1.0,1.0,1.0
S05_kinect_2_clip56.npy,1.0,0.0,1.0,1.0,1.0
S05_kinect_2_clip57.npy,1.0,0.0,1.0,1.0,1.0
S05_kinect_2_clip58.npy,1.0,0.0,1.0,1.0,1.0
S05_kinect_2_clip59.npy,1.0,0.0,1.0,1.0,1.0
S05_kinect_2_clip60.npy,1.0,0.0,1.0,1.0,1.0
S05_kinect_2_clip61.npy,1.0,0.0,1.0,1.0,1.0
S05_kinect_2_clip62.npy,1.0,0.0,1.0,1.0,1.0
S05_kinect_2_clip63.npy,1.0,0.0,1.0,1.0,1.0
S05_kinect_2_clip64.npy,1.0,0.0,1.0,1.0,1.0
S05_kinect_2_clip65.npy,1.0,0.0,1.0,1.0,1.0
S05_kinect_2_clip66.npy,1.0,0.0,1.0,1.0,1.0
S05_kinect_2_clip67.npy,1.0,0.0,1.0,1.0,1.0
S05_kinect_2_clip68.npy,1.0,0.0,1.0,1.0,1.0
S05_kinect_2_clip69.npy,1.0,0.0,1.0,1.0,1.0
S05_kinect_2_clip70.npy,1.0,0.0,1.0,1.0,1.0
S05_kinect_2_clip71.npy,1.0,0.0,1.0,1.0,1.0
S05_kinect_2_clip72.npy,1.0,0.0,1.0,1.0,1.0
S05_kinect_2_clip73.npy,1.0,0.0,1.0,1.0,1.0
S05_kinect_2_clip74.npy,1.0,0.0,1.0,1.0,1.0
S05_kinect_2_clip75.npy,1.0,0.0,1.0,1.0,1.0
S05_kinect_2_clip76.npy,1.0,0.0,1.0,1.0,1.0
S05_kinect_2_clip77.npy,1.0,0.0,1.0,1.0,1.0
S05_kinect_2_clip78.npy,1.0,0.0,1.0,1.0,1.0
S05_kinect_2_clip79.npy,1.0,0.0,1.0,1.0,1.0
S05_kinect_2_clip80.npy,1.0,0.0,1.0,1.0,1.0
S05_kinect_2_clip81.npy,1.0,0.0,1.0,1.0,1.0
S05_kinect_2_clip82.npy,1.0,0.0,1.0,1.0,1.0
S05_kinect_2_clip83.npy,1.0,0.0,1.0,1.0,1.0
S05_kinect_2_clip84.npy,1.0,0.0,1.0,1.0,1.0
S05_kinect_2_clip85.npy,1.0,0.0,1.0,1.0,1.0
S05_kinect_2_clip86.npy,1.0,0.0,1.0,1.0,1.0
S05_kinect_2_clip87.npy,1.0,0.0,1.0,1.0,1.0
S05_kinect_2_clip88.npy,1.0,0.0,1.0,1.0,1.0
S05_kinect_2_clip89.npy,1.0,0.0,1.0,1.0,1.0
S05_kinect_2_clip90.npy,1.0,0.0,1.0,1.0,1.0
S05_kinect_2_clip91.npy,1.0,0.0,1.0,1.0,1.0
S05_kinect_2_clip92.npy,1.0,0.0,1.0,1.0,1.0
S05_kinect_2_clip93.npy,1.0,0.0,1.0,1.0,1.0
S05_kinect_2_clip94.npy,1.0,0.0,1.0,1.0,1.0
S05_kinect_2_clip95.npy,1.0,0.0,1.0,1.0,1.0
S05_kinect_2_clip96.npy,1.0,0.0,1.0,1.0,1.0
S05_kinect_2_clip97.npy,1.0,0.0,1.0,1.0,1.0
S05_kinect_2_clip98.npy,1.0,0.0,1.0,1.0,1.0
S05_kinect_2_clip99.npy,1.0,0.0,1.0,1.0,1.0
S05_kinect_2_clip100.npy,1.0,0.0,1.0,1.0,1.0
S05_kinect_2_clip101.npy,1.0,0.0,1.0,1.0,1.0
S05_kinect_2_clip102.npy,1.0,0.0,1.0,1.0,1.0
S05_kinect_2_clip103.npy,1.0,0.0,1.0,1.0,1.0
S05_kinect_2_clip104.npy,1.0,0.0,1.0,1.0,1.0
S05_kinect_2_clip105.npy,1.0,0.0,1.0,1.0,1.0
S05_kinect_2_clip106.npy,1.0,0.0,1.0,1.0,1.0
S05_kinect_2_clip107.npy,1.0,0.0,1.0,1.0,1.0
S05_kinect_2_clip108.npy,1.0,0.0,1.0,1.0,1.0
S05_kinect_2_clip109.npy,1.0,0.0,1.0,1.0,1.0
S05_kinect_2_clip110.npy,1.0,0.0,1.0,1.0,1.0
S05_kinect_2_clip111.npy,1.0,0.0,1.0,1.0,1.0
S05_kinect_2_clip112.npy,1.0,0.0,1.0,1.0,1.0
S05_kinect_2_clip113.npy,1.0,0.0,1.0,1.0,1.0
S05_kinect_2_clip114.npy,1.0,0.0,1.0,1.0,1.0
S05_kinect_2_clip115.npy,1.0,0.0,1.0,1.0,1.0
S05_kinect_2_clip116.npy,1.0,0.0,1.0,1.0,1.0
S05_kinect_2_clip117.npy,1.0,0.0,1.0,1.0,1.0
S05_kinect_2_clip118.npy,1.0,0.0,1.0,1.0,1.0
S05_kinect_2_clip119.npy,1.0,0.0,1.0,1.0,1.0
S05_kinect_2_clip120.npy,1.0,0.0,1.0,1.0,1.0
S05_kinect_2_clip121.npy,1.0,0.0,1.0,1.0,1.0
S05_kinect_2_clip122.npy,1.0,0.0,1.0,1.0,1.0
S05_kinect_2_clip123.npy,1.0,0.0,1.0,1.0,1.0
S05_kinect_2_clip124.npy,1.0,0.0,1.0,1.0,1.0
S05_kinect_2_clip125.npy,1.0,0.0,1.0,1.0,1.0
S08_kinect_1_clip1.npy,0.0,1.0,0.0,0.0,0.0
S08_kinect_1_clip2.npy,0.0,1.0,0.0,0.0,0.0
S08_kinect_1_clip3.npy,0.0,1.0,0.0,0.0,0.0
S08_kinect_1_clip4.npy,0.0,1.0,0.0,0.0,0.0
S08_kinect_1_clip5.npy,0.0,1.0,0.0,0.0,0.0
S08_kinect_1_clip6.npy,0.0,1.0,0.0,0.0,0.0
S08_kinect_1_clip7.npy,0.0,1.0,0.0,0.0,0.0
S08_kinect_1_clip8.npy,0.0,1.0,0.0,0.0,0.0
S08_kinect_1_clip9.npy,0.0,1.0,0.0,0.0,0.0
S08_kinect_1_clip10.npy,0.0,1.0,0.0,0.0,0.0
S08_kinect_1_clip11.npy,0.0,1.0,0.0,0.0,0.0
S08_kinect_1_clip12.npy,0.0,1.0,0.0,0.0,0.0
S08_kinect_1_clip13.npy,0.0,1.0,0.0,0.0,0.0
S08_kinect_1_clip14.npy,0.0,1.0,0.0,0.0,0.0
S08_kinect_1_clip15.npy,0.0,1.0,0.0,0.0,0.0
S08_kinect_1_clip16.npy,0.0,1.0,0.0,0.0,0.0
S08_kinect_1_clip17.npy,0.0,1.0,0.0,0.0,0.0
S08_kinect_1_clip18.npy,0.0,1.0,0.0,0.0,0.0
S08_kinect_1_clip19.npy,0.0,1.0,0.0,0.0,0.0
S08_kinect_1_clip20.npy,0.0,1.0,0.0,0.0,0.0
S08_kinect_1_clip21.npy,0.0,1.0,0.0,0.0,0.0
S08_kinect_1_clip22.npy,0.0,1.0,0.0,0.0,0.0
S08_kinect_1_clip23.npy,0.0,1.0,0.0,0.0,0.0
S08_kinect_1_clip24.npy,0.0,1.0,0.0,0.0,0.0
S08_kinect_1_clip25.npy,0.0,1.0,0.0,0.0,0.0
S08_kinect_1_clip26.npy,0.0,1.0,0.0,0.0,0.0
S08_kinect_1_clip27.npy,0.0,1.0,0.0,0.0,0.0
S08_kinect_1_clip28.npy,0.0,1.0,0.0,0.0,0.0
S08_kinect_1_clip29.npy,0.0,1.0,0.0,0.0,0.0
S08_kinect_1_clip30.npy,0.0,1.0,0.0,0.0,0.0
S08_kinect_1_clip31.npy,0.0,1.0,0.0,0.0,0.0
S08_kinect_1_clip32.npy,0.0,1.0,0.0,0.0,0.0
S08_kinect_1_clip33.npy,0.0,1.0,0.0,0.0,0.0
S08_kinect_1_clip34.npy,0.0,1.0,0.0,0.0,0.0
S08_kinect_1_clip35.npy,0.0,1.0,0.0,0.0,0.0
S08_kinect_1_clip36.npy,0.0,1.0,0.0,0.0,0.0
S08_kinect_1_clip37.npy,0.0,1.0,0.0,0.0,0.0
S08_kinect_1_clip38.npy,0.0,1.0,0.0,0.0,0.0
S08_kinect_1_clip39.npy,0.0,1.0,0.0,0.0,0.0
S08_kinect_1_clip40.npy,0.0,1.0,0.0,0.0,0.0
S08_kinect_1_clip41.npy,0.0,1.0,0.0,0.0,0.0
S08_kinect_1_clip42.npy,0.0,1.0,0.0,0.0,0.0
S08_kinect_1_clip43.npy,0.0,1.0,0.0,0.0,0.0
S08_kinect_1_clip44.npy,0.0,1.0,0.0,0.0,0.0
S08_kinect_1_clip45.npy,0.0,1.0,0.0,0.0,0.0
S08_kinect_1_clip46.npy,0.0,1.0,0.0,0.0,0.0
S08_kinect_1_clip47.npy,0.0,1.0,0.0,0.0,0.0
S08_kinect_1_clip48.npy,0.0,1.0,0.0,0.0,0.0
S08_kinect_1_clip49.npy,0.0,1.0,0.0,0.0,0.0
S08_kinect_1_clip50.npy,0.0,1.0,0.0,0.0,0.0
S08_kinect_1_clip51.npy,0.0,1.0,0.0,0.0,0.0
S08_kinect_1_clip52.npy,0.0,1.0,0.0,0.0,0.0
S08_kinect_1_clip53.npy,0.0,1.0,0.0,0.0,0.0
S08_kinect_1_clip54.npy,0.0,1.0,0.0,0.0,0.0
S08_kinect_1_clip55.npy,0.0,1.0,0.0,0.0,0.0
S08_kinect_1_clip56.npy,0.0,1.0,0.0,0.0,0.0
S08_kinect_1_clip57.npy,0.0,1.0,0.0,0.0,0.0
S08_kinect_1_clip58.npy,0.0,1.0,0.0,0.0,0.0
S08_kinect_1_clip59.npy,0.0,1.0,0.0,0.0,0.0
S08_kinect_1_clip60.npy,0.0,1.0,0.0,0.0,0.0
S08_kinect_1_clip61.npy,0.0,1.0,0.0,0.0,0.0
S08_kinect_1_clip62.npy,0.0,1.0,0.0,0.0,0.0
S08_kinect_1_clip63.npy,0.0,1.0,0.0,0.0,0.0
S08_kinect_1_clip64.npy,0.0,1.0,0.0,0.0,0.0
S08_kinect_1_clip65.npy,0.0,1.0,0.0,0.0,0.0
S08_kinect_1_clip66.npy,0.0,1.0,0.0,0.0,0.0
S08_kinect_1_clip67.npy,0.0,1.0,0.0,0.0,0.0
S08_kinect_1_clip68.npy,0.0,1.0,0.0,0.0,0.0
S08_kinect_1_clip69.npy,0.0,1.0,0.0,0.0,0.0
S08_kinect_1_clip70.npy,0.0,1.0,0.0,0.0,0.0
S08_kinect_1_clip71.npy,0.0,1.0,0.0,0.0,0.0
S08_kinect_1_clip72.npy,0.0,1.0,0.0,0.0,0.0
S08_kinect_1_clip73.npy,0.0,1.0,0.0,0.0,0.0
S08_kinect_1_clip74.npy,0.0,1.0,0.0,0.0,0.0
S08_kinect_1_clip75.npy,0.0,1.0,0.0,0.0,0.0
S08_kinect_1_clip76.npy,0.0,1.0,0.0,0.0,0.0
S08_kinect_1_clip77.npy,0.0,1.0,0.0,0.0,0.0
S08_kinect_1_clip78.npy,0.0,1.0,0.0,0.0,0.0
S08_kinect_1_clip79.npy,0.0,1.0,0.0,0.0,0.0
S08_kinect_1_clip80.npy,0.0,1.0,0.0,0.0,0.0
S08_kinect_1_clip81.npy,0.0,1.0,0.0,0.0,0.0
S08_kinect_1_clip82.npy,0.0,1.0,0.0,0.0,0.0
S08_kinect_1_clip83.npy,0.0,1.0,0.0,0.0,0.0
S08_kinect_1_clip84.npy,0.0,1.0,0.0,0.0,0.0
S08_kinect_1_clip85.npy,0.0,1.0,0.0,0.0,0.0
S08_kinect_1_clip86.npy,0.0,1.0,0.0,0.0,0.0
S08_kinect_1_clip87.npy,0.0,1.0,0.0,0.0,0.0
S08_kinect_1_clip88.npy,0.0,1.0,0.0,0.0,0.0
S08_kinect_1_clip89.npy,0.0,1.0,0.0,0.0,0.0
S08_kinect_1_clip90.npy,0.0,1.0,0.0,0.0,0.0
S08_kinect_1_clip91.npy,0.0,1.0,0.0,0.0,0.0
S08_kinect_1_clip92.npy,0.0,1.0,0.0,0.0,0.0
S08_kinect_1_clip93.npy,0.0,1.0,0.0,0.0,0.0
S08_kinect_1_clip94.npy,0.0,1.0,0.0,0.0,0.0
S08_kinect_1_clip95.npy,0.0,1.0,0.0,0.0,0.0
S08_kinect_1_clip96.npy,0.0,1.0,0.0,0.0,0.0
S08_kinect_1_clip97.npy,0.0,1.0,0.0,0.0,0.0
S08_kinect_1_clip98.npy,0.0,1.0,0.0,0.0,0.0
S08_kinect_1_clip99.npy,0.0,1.0,0.0,0.0,0.0
S08_kinect_1_clip100.npy,0.0,1.0,0.0,0.0,0.0
S08_kinect_1_clip101.npy,0.0,1.0,0.0,0.0,0.0
S08_kinect_1_clip102.npy,0.0,1.0,0.0,0.0,0.0
S08_kinect_1_clip103.npy,0.0,1.0,0.0,0.0,0.0
S08_kinect_1_clip104.npy,0.0,1.0,0.0,0.0,0.0
S08_kinect_1_clip105.npy,0.0,1.0,0.0,0.0,0.0
S08_kinect_1_clip106.npy,0.0,1.0,0.0,0.0,0.0
S08_kinect_1_clip107.npy,0.0,1.0,0.0,0.0,0.0
S08_kinect_1_clip108.npy,0.0,1.0,0.0,0.0,0.0
S08_kinect_1_clip109.npy,0.0,1.0,0.0,0.0,0.0
S08_kinect_1_clip110.npy,0.0,1.0,0.0,0.0,0.0
S08_kinect_1_clip111.npy,0.0,1.0,0.0,0.0,0.0
S08_kinect_1_clip112.npy,0.0,1.0,0.0,0.0,0.0
S08_kinect_1_clip113.npy,0.0,1.0,0.0,0.0,0.0
S08_kinect_1_clip114.npy,0.0,1.0,0.0,0.0,0.0
S08_kinect_1_clip115.npy,0.0,1.0,0.0,0.0,0.0
S08_kinect_1_clip116.npy,0.0,1.0,0.0,0.0,0.0
S08_kinect_1_clip117.npy,0.0,1.0,0.0,0.0,0.0
S08_kinect_1_clip118.npy,0.0,1.0,0.0,0.0,0.0
S08_kinect_1_clip119.npy,0.0,1.0,0.0,0.0,0.0
S08_kinect_1_clip120.npy,0.0,1.0,0.0,0.0,0.0
S08_kinect_1_clip121.npy,0.0,1.0,0.0,0.0,0.0
S08_kinect_1_clip122.npy,0.0,1.0,0.0,0.0,0.0
S08_kinect_1_clip123.npy,0.0,1.0,0.0,0.0,0.0
S08_kinect_1_clip124.npy,0.0,1.0,0.0,0.0,0.0
S08_kinect_1_clip125.npy,0.0,1.0,0.0,0.0,0.0
S08_kinect_1_clip126.npy,0.0,1.0,0.0,0.0,0.0
S08_kinect_1_clip127.npy,0.0,1.0,0.0,0.0,0.0
S08_kinect_1_clip128.npy,0.0,1.0,0.0,0.0,0.0
S08_kinect_1_clip129.npy,0.0,1.0,0.0,0.0,0.0
S08_kinect_1_clip130.npy,0.0,1.0,0.0,0.0,0.0
S08_kinect_1_clip131.npy,0.0,1.0,0.0,0.0,0.0
S08_kinect_1_clip132.npy,0.0,1.0,0.0,0.0,0.0
S08_kinect_1_clip133.npy,0.0,1.0,0.0,0.0,0.0
S08_kinect_1_clip134.npy,0.0,1.0,0.0,0.0,0.0
S08_kinect_1_clip135.npy,0.0,1.0,0.0,0.0,0.0
S08_kinect_1_clip136.npy,0.0,1.0,0.0,0.0,0.0
S08_kinect_1_clip137.npy,0.0,1.0,0.0,0.0,0.0
S08_kinect_1_clip138.npy,0.0,1.0,0.0,0.0,0.0
S08_kinect_1_clip139.npy,0.0,1.0,0.0,0.0,0.0
S08_kinect_1_clip140.npy,0.0,1.0,0.0,0.0,0.0
S08_kinect_1_clip141.npy,0.0,1.0,0.0,0.0,0.0
S08_kinect_1_clip142.npy,0.0,1.0,0.0,0.0,0.0
S08_kinect_1_clip143.npy,0.0,1.0,0.0,0.0,0.0
S08_kinect_1_clip144.npy,0.0,1.0,0.0,0.0,0.0
S08_kinect_1_clip145.npy,0.0,1.0,0.0,0.0,0.0
S08_kinect_1_clip146.npy,0.0,1.0,0.0,0.0,0.0
S08_kinect_1_clip147.npy,0.0,1.0,0.0,0.0,0.0
S08_kinect_1_clip148.npy,0.0,1.0,0.0,0.0,0.0
S08_kinect_1_clip149.npy,0.0,1.0,0.0,0.0,0.0
S10_kinect_2_clip1.npy,1.0,0.0,1.0,0.0,0.0
S10_kinect_2_clip2.npy,1.0,0.0,1.0,0.0,0.0
S10_kinect_2_clip3.npy,1.0,0.0,1.0,0.0,0.0
S10_kinect_2_clip4.npy,1.0,0.0,1.0,0.0,0.0
S10_kinect_2_clip5.npy,1.0,0.0,1.0,0.0,0.0
S10_kinect_2_clip6.npy,1.0,0.0,1.0,0.0,0.0
S10_kinect_2_clip7.npy,1.0,0.0,1.0,0.0,0.0
S10_kinect_2_clip8.npy,1.0,0.0,1.0,0.0,0.0
S10_kinect_2_clip9.npy,1.0,0.0,1.0,0.0,0.0
S10_kinect_2_clip10.npy,1.0,0.0,1.0,0.0,0.0
S10_kinect_2_clip11.npy,1.0,0.0,1.0,0.0,0.0
S10_kinect_2_clip12.npy,1.0,0.0,1.0,0.0,0.0
S10_kinect_2_clip13.npy,1.0,0.0,1.0,0.0,0.0
S10_kinect_2_clip14.npy,1.0,0.0,1.0,0.0,0.0
S10_kinect_2_clip15.npy,1.0,0.0,1.0,0.0,0.0
S10_kinect_2_clip16.npy,1.0,0.0,1.0,0.0,0.0
S10_kinect_2_clip17.npy,1.0,0.0,1.0,0.0,0.0
S10_kinect_2_clip18.npy,1.0,0.0,1.0,0.0,0.0
S10_kinect_2_clip19.npy,1.0,0.0,1.0,0.0,0.0
S10_kinect_2_clip20.npy,1.0,0.0,1.0,0.0,0.0
S10_kinect_2_clip21.npy,1.0,0.0,1.0,0.0,0.0
S10_kinect_2_clip22.npy,1.0,0.0,1.0,0.0,0.0
S10_kinect_2_clip23.npy,1.0,0.0,1.0,0.0,0.0
S10_kinect_2_clip24.npy,1.0,0.0,1.0,0.0,0.0
S10_kinect_2_clip25.npy,1.0,0.0,1.0,0.0,0.0
S10_kinect_2_clip26.npy,1.0,0.0,1.0,0.0,0.0
S10_kinect_2_clip27.npy,1.0,0.0,1.0,0.0,0.0
S10_kinect_2_clip28.npy,1.0,0.0,1.0,0.0,0.0
S10_kinect_2_clip29.npy,1.0,0.0,1.0,0.0,0.0
S10_kinect_2_clip30.npy,1.0,0.0,1.0,0.0,0.0
S10_kinect_2_clip31.npy,1.0,0.0,1.0,0.0,0.0
S10_kinect_2_clip32.npy,1.0,0.0,1.0,0.0,0.0
S10_kinect_2_clip33.npy,1.0,0.0,1.0,0.0,0.0
S10_kinect_2_clip34.npy,1.0,0.0,1.0,0.0,0.0
S10_kinect_2_clip35.npy,1.0,0.0,1.0,0.0,0.0
S10_kinect_2_clip36.npy,1.0,0.0,1.0,0.0,0.0
S10_kinect_2_clip37.npy,1.0,0.0,1.0,0.0,0.0
S10_kinect_2_clip38.npy,1.0,0.0,1.0,0.0,0.0
S10_kinect_2_clip39.npy,1.0,0.0,1.0,0.0,0.0
S10_kinect_2_clip40.npy,1.0,0.0,1.0,0.0,0.0
S10_kinect_2_clip41.npy,1.0,0.0,1.0,0.0,0.0
S10_kinect_2_clip42.npy,1.0,0.0,1.0,0.0,0.0
S10_kinect_2_clip43.npy,1.0,0.0,1.0,0.0,0.0
S10_kinect_2_clip44.npy,1.0,0.0,1.0,0.0,0.0
S10_kinect_2_clip45.npy,1.0,0.0,1.0,0.0,0.0
S10_kinect_2_clip46.npy,1.0,0.0,1.0,0.0,0.0
S10_kinect_2_clip47.npy,1.0,0.0,1.0,0.0,0.0
S10_kinect_2_clip48.npy,1.0,0.0,1.0,0.0,0.0
S10_kinect_2_clip49.npy,1.0,0.0,1.0,0.0,0.0
S10_kinect_2_clip50.npy,1.0,0.0,1.0,0.0,0.0
S10_kinect_2_clip51.npy,1.0,0.0,1.0,0.0,0.0
S10_kinect_2_clip52.npy,1.0,0.0,1.0,0.0,0.0
S10_kinect_2_clip53.npy,1.0,0.0,1.0,0.0,0.0
S10_kinect_2_clip54.npy,1.0,0.0,1.0,0.0,0.0
S10_kinect_2_clip55.npy,1.0,0.0,1.0,0.0,0.0
S10_kinect_2_clip56.npy,1.0,0.0,1.0,0.0,0.0
S10_kinect_2_clip57.npy,1.0,0.0,1.0,0.0,0.0
S10_kinect_2_clip58.npy,1.0,0.0,1.0,0.0,0.0
S10_kinect_2_clip59.npy,1.0,0.0,1.0,0.0,0.0
S10_kinect_2_clip60.npy,1.0,0.0,1.0,0.0,0.0
S10_kinect_2_clip61.npy,1.0,0.0,1.0,0.0,0.0
S10_kinect_2_clip62.npy,1.0,0.0,1.0,0.0,0.0
S10_kinect_2_clip63.npy,1.0,0.0,1.0,0.0,0.0
S10_kinect_2_clip64.npy,1.0,0.0,1.0,0.0,0.0
S10_kinect_2_clip65.npy,1.0,0.0,1.0,0.0,0.0
S10_kinect_2_clip66.npy,1.0,0.0,1.0,0.0,0.0
S10_kinect_2_clip67.npy,1.0,0.0,1.0,0.0,0.0
S10_kinect_2_clip68.npy,1.0,0.0,1.0,0.0,0.0
S10_kinect_2_clip69.npy,1.0,0.0,1.0,0.0,0.0
S10_kinect_2_clip70.npy,1.0,0.0,1.0,0.0,0.0
S10_kinect_2_clip71.npy,1.0,0.0,1.0,0.0,0.0
S10_kinect_2_clip72.npy,1.0,0.0,1.0,0.0,0.0
S10_kinect_2_clip73.npy,1.0,0.0,1.0,0.0,0.0
S10_kinect_2_clip74.npy,1.0,0.0,1.0,0.0,0.0
S10_kinect_2_clip75.npy,1.0,0.0,1.0,0.0,0.0
S10_kinect_2_clip76.npy,1.0,0.0,1.0,0.0,0.0
S10_kinect_2_clip77.npy,1.0,0.0,1.0,0.0,0.0
S10_kinect_2_clip78.npy,1.0,0.0,1.0,0.0,0.0
S10_kinect_2_clip79.npy,1.0,0.0,1.0,0.0,0.0
S10_kinect_2_clip80.npy,1.0,0.0,1.0,0.0,0.0
S10_kinect_2_clip81.npy,1.0,0.0,1.0,0.0,0.0
S10_kinect_2_clip82.npy,1.0,0.0,1.0,0.0,0.0
S10_kinect_2_clip83.npy,1.0,0.0,1.0,0.0,0.0
S10_kinect_2_clip84.npy,1.0,0.0,1.0,0.0,0.0
S10_kinect_2_clip85.npy,1.0,0.0,1.0,0.0,0.0
S10_kinect_2_clip86.npy,1.0,0.0,1.0,0.0,0.0
S10_kinect_2_clip87.npy,1.0,0.0,1.0,0.0,0.0
S10_kinect_2_clip88.npy,1.0,0.0,1.0,0.0,0.0
S10_kinect_2_clip89.npy,1.0,0.0,1.0,0.0,0.0
S10_kinect_2_clip90.npy,1.0,0.0,1.0,0.0,0.0
S10_kinect_2_clip91.npy,1.0,0.0,1.0,0.0,0.0
S10_kinect_2_clip92.npy,1.0,0.0,1.0,0.0,0.0
S10_kinect_2_clip93.npy,1.0,0.0,1.0,0.0,0.0
S10_kinect_2_clip94.npy,1.0,0.0,1.0,0.0,0.0
S10_kinect_2_clip95.npy,1.0,0.0,1.0,0.0,0.0
S10_kinect_2_clip96.npy,1.0,0.0,1.0,0.0,0.0
S10_kinect_2_clip97.npy,1.0,0.0,1.0,0.0,0.0
S10_kinect_2_clip98.npy,1.0,0.0,1.0,0.0,0.0
S10_kinect_2_clip99.npy,1.0,0.0,1.0,0.0,0.0
S10_kinect_2_clip100.npy,1.0,0.0,1.0,0.0,0.0
S10_kinect_2_clip101.npy,1.0,0.0,1.0,0.0,0.0
S10_kinect_2_clip102.npy,1.0,0.0,1.0,0.0,0.0
S10_kinect_2_clip103.npy,1.0,0.0,1.0,0.0,0.0
S10_kinect_2_clip104.npy,1.0,0.0,1.0,0.0,0.0
S10_kinect_2_clip105.npy,1.0,0.0,1.0,0.0,0.0
S10_kinect_2_clip106.npy,1.0,0.0,1.0,0.0,0.0
S10_kinect_2_clip107.npy,1.0,0.0,1.0,0.0,0.0
S10_kinect_2_clip108.npy,1.0,0.0,1.0,0.0,0.0
S10_kinect_2_clip109.npy,1.0,0.0,1.0,0.0,0.0
S10_kinect_2_clip110.npy,1.0,0.0,1.0,0.0,0.0
S10_kinect_2_clip111.npy,1.0,0.0,1.0,0.0,0.0
S10_kinect_2_clip112.npy,1.0,0.0,1.0,0.0,0.0
S10_kinect_2_clip113.npy,1.0,0.0,1.0,0.0,0.0
S10_kinect_2_clip114.npy,1.0,0.0,1.0,0.0,0.0
S10_kinect_2_clip115.npy,1.0,0.0,1.0,0.0,0.0
S10_kinect_2_clip116.npy,1.0,0.0,1.0,0.0,0.0
S10_kinect_2_clip117.npy,1.0,0.0,1.0,0.0,0.0
S10_kinect_2_clip118.npy,1.0,0.0,1.0,0.0,0.0
S10_kinect_2_clip119.npy,1.0,0.0,1.0,0.0,0.0
S10_kinect_2_clip120.npy,1.0,0.0,1.0,0.0,0.0
S10_kinect_2_clip121.npy,1.0,0.0,1.0,0.0,0.0
S10_kinect_2_clip122.npy,1.0,0.0,1.0,0.0,0.0
S10_kinect_2_clip123.npy,1.0,0.0,1.0,0.0,0.0
S10_kinect_2_clip124.npy,1.0,0.0,1.0,0.0,0.0
S10_kinect_2_clip125.npy,1.0,0.0,1.0,0.0,0.0
S10_kinect_2_clip126.npy,1.0,0.0,1.0,0.0,0.0
S10_kinect_2_clip127.npy,1.0,0.0,1.0,0.0,0.0
S10_kinect_2_clip128.npy,1.0,0.0,1.0,0.0,0.0
S10_kinect_2_clip129.npy,1.0,0.0,1.0,0.0,0.0
S10_kinect_2_clip130.npy,1.0,0.0,1.0,0.0,0.0
S10_kinect_2_clip131.npy,1.0,0.0,1.0,0.0,0.0
S10_kinect_2_clip132.npy,1.0,0.0,1.0,0.0,0.0
S10_kinect_2_clip133.npy,1.0,0.0,1.0,0.0,0.0
S10_kinect_2_clip134.npy,1.0,0.0,1.0,0.0,0.0
S10_kinect_2_clip135.npy,1.0,0.0,1.0,0.0,0.0
S10_kinect_2_clip136.npy,1.0,0.0,1.0,0.0,0.0
S10_kinect_2_clip137.npy,1.0,0.0,1.0,0.0,0.0
S10_kinect_2_clip138.npy,1.0,0.0,1.0,0.0,0.0
S10_kinect_2_clip139.npy,1.0,0.0,1.0,0.0,0.0
S10_kinect_2_clip140.npy,1.0,0.0,1.0,0.0,0.0
S10_kinect_2_clip141.npy,1.0,0.0,1.0,0.0,0.0
S10_kinect_2_clip142.npy,1.0,0.0,1.0,0.0,0.0
S10_kinect_2_clip143.npy,1.0,0.0,1.0,0.0,0.0
S10_kinect_2_clip144.npy,1.0,0.0,1.0,0.0,0.0
S10_kinect_2_clip145.npy,1.0,0.0,1.0,0.0,0.0
S10_kinect_2_clip146.npy,1.0,0.0,1.0,0.0,0.0
S10_kinect_2_clip147.npy,1.0,0.0,1.0,0.0,0.0
S10_kinect_2_clip148.npy,1.0,0.0,1.0,0.0,0.0
S10_kinect_2_clip149.npy,1.0,0.0,1.0,0.0,0.0
S10_kinect_2_clip150.npy,1.0,0.0,1.0,0.0,0.0
S10_kinect_2_clip151.npy,1.0,0.0,1.0,0.0,0.0
S10_kinect_2_clip152.npy,1.0,0.0,1.0,0.0,0.0
S10_kinect_2_clip153.npy,1.0,0.0,1.0,0.0,0.0
S10_kinect_2_clip154.npy,1.0,0.0,1.0,0.0,0.0
S10_kinect_2_clip155.npy,1.0,0.0,1.0,0.0,0.0
S10_kinect_2_clip156.npy,1.0,0.0,1.0,0.0,0.0
S10_kinect_2_clip157.npy,1.0,0.0,1.0,0.0,0.0
S10_kinect_2_clip158.npy,1.0,0.0,1.0,0.0,0.0
S10_kinect_2_clip159.npy,1.0,0.0,1.0,0.0,0.0
S10_kinect_2_clip160.npy,1.0,0.0,1.0,0.0,0.0
S10_kinect_2_clip161.npy,1.0,0.0,1.0,0.0,0.0
S10_kinect_2_clip162.npy,1.0,0.0,1.0,0.0,0.0
S10_kinect_2_clip163.npy,1.0,0.0,1.0,0.0,0.0
S10_kinect_2_clip164.npy,1.0,0.0,1.0,0.0,0.0
S10_kinect_2_clip165.npy,1.0,0.0,1.0,0.0,0.0
S10_kinect_2_clip166.npy,1.0,0.0,1.0,0.0,0.0
S10_kinect_2_clip167.npy,1.0,0.0,1.0,0.0,0.0
S10_kinect_2_clip168.npy,1.0,0.0,1.0,0.0,0.0
S10_kinect_2_clip169.npy,1.0,0.0,1.0,0.0,0.0
S10_kinect_2_clip170.npy,1.0,0.0,1.0,0.0,0.0
S10_kinect_2_clip171.npy,1.0,0.0,1.0,0.0,0.0
S10_kinect_2_clip172.npy,1.0,0.0,1.0,0.0,0.0
S10_kinect_2_clip173.npy,1.0,0.0,1.0,0.0,0.0
S10_kinect_2_clip174.npy,1.0,0.0,1.0,0.0,0.0
S10_kinect_2_clip175.npy,1.0,0.0,1.0,0.0,0.0
S10_kinect_2_clip176.npy,1.0,0.0,1.0,0.0,0.0
S10_kinect_2_clip177.npy,1.0,0.0,1.0,0.0,0.0
S10_kinect_2_clip178.npy,1.0,0.0,1.0,0.0,0.0
S10_kinect_2_clip179.npy,1.0,0.0,1.0,0.0,0.0
S10_kinect_2_clip180.npy,1.0,0.0,1.0,0.0,0.0
S10_kinect_2_clip181.npy,1.0,0.0,1.0,0.0,0.0
S10_kinect_2_clip182.npy,1.0,0.0,1.0,0.0,0.0
S10_kinect_2_clip183.npy,1.0,0.0,1.0,0.0,0.0
S10_kinect_2_clip184.npy,1.0,0.0,1.0,0.0,0.0
S10_kinect_2_clip185.npy,1.0,0.0,1.0,0.0,0.0
S10_kinect_2_clip186.npy,1.0,0.0,1.0,0.0,0.0
S10_kinect_2_clip187.npy,1.0,0.0,1.0,0.0,0.0
S10_kinect_2_clip188.npy,1.0,0.0,1.0,0.0,0.0
S10_kinect_2_clip189.npy,1.0,0.0,1.0,0.0,0.0
S10_kinect_2_clip190.npy,1.0,0.0,1.0,0.0,0.0
S10_kinect_2_clip191.npy,1.0,0.0,1.0,0.0,0.0
S10_kinect_2_clip192.npy,1.0,0.0,1.0,0.0,0.0
S10_kinect_2_clip193.npy,1.0,0.0,1.0,0.0,0.0
S10_kinect_2_clip194.npy,1.0,0.0,1.0,0.0,0.0
S10_kinect_2_clip195.npy,1.0,0.0,1.0,0.0,0.0
S10_kinect_2_clip196.npy,1.0,0.0,1.0,0.0,0.0
S10_kinect_2_clip197.npy,1.0,0.0,1.0,0.0,0.0
S10_kinect_2_clip198.npy,1.0,0.0,1.0,0.0,0.0
S10_kinect_2_clip199.npy,1.0,0.0,1.0,0.0,0.0
S10_kinect_2_clip200.npy,1.0,0.0,1.0,0.0,0.0
S10_kinect_2_clip201.npy,1.0,0.0,1.0,0.0,0.0
S10_kinect_2_clip202.npy,1.0,0.0,1.0,0.0,0.0
S10_kinect_2_clip203.npy,1.0,0.0,1.0,0.0,0.0
S10_kinect_2_clip204.npy,1.0,0.0,1.0,0.0,0.0
S10_kinect_2_clip205.npy,1.0,0.0,1.0,0.0,0.0
S10_kinect_2_clip206.npy,1.0,0.0,1.0,0.0,0.0
S10_kinect_2_clip207.npy,1.0,0.0,1.0,0.0,0.0
S10_kinect_2_clip208.npy,1.0,0.0,1.0,0.0,0.0
S10_kinect_2_clip209.npy,1.0,0.0,1.0,0.0,0.0
S10_kinect_2_clip210.npy,1.0,0.0,1.0,0.0,0.0
S10_kinect_2_clip211.npy,1.0,0.0,1.0,0.0,0.0
S10_kinect_2_clip212.npy,1.0,0.0,1.0,0.0,0.0
S10_kinect_2_clip213.npy,1.0,0.0,1.0,0.0,0.0
S10_kinect_2_clip214.npy,1.0,0.0,1.0,0.0,0.0
S10_kinect_2_clip215.npy,1.0,0.0,1.0,0.0,0.0
S10_kinect_2_clip216.npy,1.0,0.0,1.0,0.0,0.0
S10_kinect_2_clip217.npy,1.0,0.0,1.0,0.0,0.0
S10_kinect_2_clip218.npy,1.0,0.0,1.0,0.0,0.0
S10_kinect_2_clip219.npy,1.0,0.0,1.0,0.0,0.0
S10_kinect_2_clip220.npy,1.0,0.0,1.0,0.0,0.0
S10_kinect_2_clip221.npy,1.0,0.0,1.0,0.0,0.0
S10_kinect_2_clip222.npy,1.0,0.0,1.0,0.0,0.0
S10_kinect_2_clip223.npy,1.0,0.0,1.0,0.0,0.0
S10_kinect_2_clip224.npy,1.0,0.0,1.0,0.0,0.0
S10_kinect_2_clip225.npy,1.0,0.0,1.0,0.0,0.0
S10_kinect_2_clip226.npy,1.0,0.0,1.0,0.0,0.0
S10_kinect_2_clip227.npy,1.0,0.0,1.0,0.0,0.0
S10_kinect_2_clip228.npy,1.0,0.0,1.0,0.0,0.0
S10_kinect_2_clip229.npy,1.0,0.0,1.0,0.0,0.0
S10_kinect_2_clip230.npy,1.0,0.0,1.0,0.0,0.0
S10_kinect_2_clip231.npy,1.0,0.0,1.0,0.0,0.0
S10_kinect_2_clip232.npy,1.0,0.0,1.0,0.0,0.0
S10_kinect_2_clip233.npy,1.0,0.0,1.0,0.0,0.0
S10_kinect_2_clip234.npy,1.0,0.0,1.0,0.0,0.0
S10_kinect_2_clip235.npy,1.0,0.0,1.0,0.0,0.0
S10_kinect_2_clip236.npy,1.0,0.0,1.0,0.0,0.0
S10_kinect_2_clip237.npy,1.0,0.0,1.0,0.0,0.0
S10_kinect_2_clip238.npy,1.0,0.0,1.0,0.0,0.0
S10_kinect_2_clip239.npy,1.0,0.0,1.0,0.0,0.0
S10_kinect_2_clip240.npy,1.0,0.0,1.0,0.0,0.0
S10_kinect_2_clip241.npy,1.0,0.0,1.0,0.0,0.0
S10_kinect_2_clip242.npy,1.0,0.0,1.0,0.0,0.0
S10_kinect_2_clip243.npy,1.0,0.0,1.0,0.0,0.0
S10_kinect_2_clip244.npy,1.0,0.0,1.0,0.0,0.0
S10_kinect_2_clip245.npy,1.0,0.0,1.0,0.0,0.0
S10_kinect_2_clip246.npy,1.0,0.0,1.0,0.0,0.0
S10_kinect_2_clip247.npy,1.0,0.0,1.0,0.0,0.0
S10_kinect_2_clip248.npy,1.0,0.0,1.0,0.0,0.0
S10_kinect_2_clip249.npy,1.0,0.0,1.0,0.0,0.0
S10_kinect_2_clip250.npy,1.0,0.0,1.0,0.0,0.0
S10_kinect_2_clip251.npy,1.0,0.0,1.0,0.0,0.0
S10_kinect_2_clip252.npy,1.0,0.0,1.0,0.0,0.0
S10_kinect_2_clip253.npy,1.0,0.0,1.0,0.0,0.0
S10_kinect_2_clip254.npy,1.0,0.0,1.0,0.0,0.0
S10_kinect_2_clip255.npy,1.0,0.0,1.0,0.0,0.0
S10_kinect_2_clip256.npy,1.0,0.0,1.0,0.0,0.0
S10_kinect_2_clip257.npy,1.0,0.0,1.0,0.0,0.0
S10_kinect_2_clip258.npy,1.0,0.0,1.0,0.0,0.0
S10_kinect_2_clip259.npy,1.0,0.0,1.0,0.0,0.0
S10_kinect_2_clip260.npy,1.0,0.0,1.0,0.0,0.0
S10_kinect_2_clip261.npy,1.0,0.0,1.0,0.0,0.0
S10_kinect_2_clip262.npy,1.0,0.0,1.0,0.0,0.0
S10_kinect_2_clip263.npy,1.0,0.0,1.0,0.0,0.0
S10_kinect_2_clip264.npy,1.0,0.0,1.0,0.0,0.0
S10_kinect_2_clip265.npy,1.0,0.0,1.0,0.0,0.0
S10_kinect_2_clip266.npy,1.0,0.0,1.0,0.0,0.0
S10_kinect_2_clip267.npy,1.0,0.0,1.0,0.0,0.0
S10_kinect_2_clip268.npy,1.0,0.0,1.0,0.0,0.0
S10_kinect_2_clip269.npy,1.0,0.0,1.0,0.0,0.0
S10_kinect_2_clip270.npy,1.0,0.0,1.0,0.0,0.0
S10_kinect_2_clip271.npy,1.0,0.0,1.0,0.0,0.0
S10_kinect_2_clip272.npy,1.0,0.0,1.0,0.0,0.0
S10_kinect_2_clip273.npy,1.0,0.0,1.0,0.0,0.0
S10_kinect_2_clip274.npy,1.0,0.0,1.0,0.0,0.0
S10_kinect_2_clip275.npy,1.0,0.0,1.0,0.0,0.0
S10_kinect_2_clip276.npy,1.0,0.0,1.0,0.0,0.0
S10_kinect_2_clip277.npy,1.0,0.0,1.0,0.0,0.0
S10_kinect_2_clip278.npy,1.0,0.0,1.0,0.0,0.0
S10_kinect_2_clip279.npy,1.0,0.0,1.0,0.0,0.0
S10_kinect_2_clip280.npy,1.0,0.0,1.0,0.0,0.0
S10_kinect_2_clip281.npy,1.0,0.0,1.0,0.0,0.0
S10_kinect_2_clip282.npy,1.0,0.0,1.0,0.0,0.0
S10_kinect_2_clip283.npy,1.0,0.0,1.0,0.0,0.0
S10_kinect_2_clip284.npy,1.0,0.0,1.0,0.0,0.0
S10_kinect_2_clip285.npy,1.0,0.0,1.0,0.0,0.0
S10_kinect_2_clip286.npy,1.0,0.0,1.0,0.0,0.0
S10_kinect_2_clip287.npy,1.0,0.0,1.0,0.0,0.0
S10_kinect_2_clip288.npy,1.0,0.0,1.0,0.0,0.0
S10_kinect_2_clip289.npy,1.0,0.0,1.0,0.0,0.0
S10_kinect_2_clip290.npy,1.0,0.0,1.0,0.0,0.0
S10_kinect_2_clip291.npy,1.0,0.0,1.0,0.0,0.0
S10_kinect_2_clip292.npy,1.0,0.0,1.0,0.0,0.0
S10_kinect_2_clip293.npy,1.0,0.0,1.0,0.0,0.0
S10_kinect_2_clip294.npy,1.0,0.0,1.0,0.0,0.0
S10_kinect_2_clip295.npy,1.0,0.0,1.0,0.0,0.0
S10_kinect_2_clip296.npy,1.0,0.0,1.0,0.0,0.0
S10_kinect_2_clip297.npy,1.0,0.0,1.0,0.0,0.0
S10_kinect_2_clip298.npy,1.0,0.0,1.0,0.0,0.0
S10_kinect_2_clip299.npy,1.0,0.0,1.0,0.0,0.0
S10_kinect_2_clip300.npy,1.0,0.0,1.0,0.0,0.0
S10_kinect_2_clip301.npy,1.0,0.0,1.0,0.0,0.0
S10_kinect_2_clip302.npy,1.0,0.0,1.0,0.0,0.0
S10_kinect_2_clip303.npy,1.0,0.0,1.0,0.0,0.0
S10_kinect_2_clip304.npy,1.0,0.0,1.0,0.0,0.0
S10_kinect_2_clip305.npy,1.0,0.0,1.0,0.0,0.0
S10_kinect_2_clip306.npy,1.0,0.0,1.0,0.0,0.0
S10_kinect_2_clip307.npy,1.0,0.0,1.0,0.0,0.0
S10_kinect_2_clip308.npy,1.0,0.0,1.0,0.0,0.0
S10_kinect_2_clip309.npy,1.0,0.0,1.0,0.0,0.0
S10_kinect_2_clip310.npy,1.0,0.0,1.0,0.0,0.0
S10_kinect_2_clip311.npy,1.0,0.0,1.0,0.0,0.0
S10_kinect_2_clip312.npy,1.0,0.0,1.0,0.0,0.0
S10_kinect_2_clip313.npy,1.0,0.0,1.0,0.0,0.0
S10_kinect_2_clip314.npy,1.0,0.0,1.0,0.0,0.0
S10_kinect_2_clip315.npy,1.0,0.0,1.0,0.0,0.0
S10_kinect_2_clip316.npy,1.0,0.0,1.0,0.0,0.0
S10_kinect_2_clip317.npy,1.0,0.0,1.0,0.0,0.0
S10_kinect_2_clip318.npy,1.0,0.0,1.0,0.0,0.0
S10_kinect_2_clip319.npy,1.0,0.0,1.0,0.0,0.0
S10_kinect_2_clip320.npy,1.0,0.0,1.0,0.0,0.0
S10_kinect_2_clip321.npy,1.0,0.0,1.0,0.0,0.0
S10_kinect_2_clip322.npy,1.0,0.0,1.0,0.0,0.0
S10_kinect_2_clip323.npy,1.0,0.0,1.0,0.0,0.0
S10_kinect_2_clip324.npy,1.0,0.0,1.0,0.0,0.0
S10_kinect_2_clip325.npy,1.0,0.0,1.0,0.0,0.0
S10_kinect_2_clip326.npy,1.0,0.0,1.0,0.0,0.0
S10_kinect_2_clip327.npy,1.0,0.0,1.0,0.0,0.0
S10_kinect_2_clip328.npy,1.0,0.0,1.0,0.0,0.0
S10_kinect_2_clip329.npy,1.0,0.0,1.0,0.0,0.0
S10_kinect_2_clip330.npy,1.0,0.0,1.0,0.0,0.0
S10_kinect_2_clip331.npy,1.0,0.0,1.0,0.0,0.0
S10_kinect_2_clip332.npy,1.0,0.0,1.0,0.0,0.0
S10_kinect_2_clip333.npy,1.0,0.0,1.0,0.0,0.0
S10_kinect_2_clip334.npy,1.0,0.0,1.0,0.0,0.0
S10_kinect_2_clip335.npy,1.0,0.0,1.0,0.0,0.0
S10_kinect_2_clip336.npy,1.0,0.0,1.0,0.0,0.0
S10_kinect_2_clip337.npy,1.0,0.0,1.0,0.0,0.0
S10_kinect_2_clip338.npy,1.0,0.0,1.0,0.0,0.0
S10_kinect_2_clip339.npy,1.0,0.0,1.0,0.0,0.0
S10_kinect_2_clip340.npy,1.0,0.0,1.0,0.0,0.0
S10_kinect_2_clip341.npy,1.0,0.0,1.0,0.0,0.0
S10_kinect_2_clip342.npy,1.0,0.0,1.0,0.0,0.0
S10_kinect_2_clip343.npy,1.0,0.0,1.0,0.0,0.0
S10_kinect_2_clip344.npy,1.0,0.0,1.0,0.0,0.0
S10_kinect_2_clip345.npy,1.0,0.0,1.0,0.0,0.0
S10_kinect_2_clip346.npy,1.0,0.0,1.0,0.0,0.0
S10_kinect_2_clip347.npy,1.0,0.0,1.0,0.0,0.0
S10_kinect_2_clip348.npy,1.0,0.0,1.0,0.0,0.0
S10_kinect_2_clip349.npy,1.0,0.0,1.0,0.0,0.0
S10_kinect_2_clip350.npy,1.0,0.0,1.0,0.0,0.0
S10_kinect_2_clip351.npy,1.0,0.0,1.0,0.0,0.0
S10_kinect_2_clip352.npy,1.0,0.0,1.0,0.0,0.0
S10_kinect_2_clip353.npy,1.0,0.0,1.0,0.0,0.0
S10_kinect_2_clip354.npy,1.0,0.0,1.0,0.0,0.0
S10_kinect_2_clip355.npy,1.0,0.0,1.0,0.0,0.0
S10_kinect_2_clip356.npy,1.0,0.0,1.0,0.0,0.0
S10_kinect_2_clip357.npy,1.0,0.0,1.0,0.0,0.0
S10_kinect_2_clip358.npy,1.0,0.0,1.0,0.0,0.0
S10_kinect_2_clip359.npy,1.0,0.0,1.0,0.0,0.0
S10_kinect_2_clip360.npy,1.0,0.0,1.0,0.0,0.0
S10_kinect_2_clip361.npy,1.0,0.0,1.0,0.0,0.0
S10_kinect_2_clip362.npy,1.0,0.0,1.0,0.0,0.0
S10_kinect_2_clip363.npy,1.0,0.0,1.0,0.0,0.0
S10_kinect_2_clip364.npy,1.0,0.0,1.0,0.0,0.0
S10_kinect_2_clip365.npy,1.0,0.0,1.0,0.0,0.0
S10_kinect_2_clip366.npy,1.0,0.0,1.0,0.0,0.0
S10_kinect_2_clip367.npy,1.0,0.0,1.0,0.0,0.0
S10_kinect_2_clip368.npy,1.0,0.0,1.0,0.0,0.0
S10_kinect_2_clip369.npy,1.0,0.0,1.0,0.0,0.0
S10_kinect_2_clip370.npy,1.0,0.0,1.0,0.0,0.0
S10_kinect_2_clip371.npy,1.0,0.0,1.0,0.0,0.0
S10_kinect_2_clip372.npy,1.0,0.0,1.0,0.0,0.0
S10_kinect_2_clip373.npy,1.0,0.0,1.0,0.0,0.0
S10_kinect_2_clip374.npy,1.0,0.0,1.0,0.0,0.0
S10_kinect_2_clip375.npy,1.0,0.0,1.0,0.0,0.0
S10_kinect_2_clip376.npy,1.0,0.0,1.0,0.0,0.0
S10_kinect_2_clip377.npy,1.0,0.0,1.0,0.0,0.0
S10_kinect_2_clip378.npy,1.0,0.0,1.0,0.0,0.0
S10_kinect_2_clip379.npy,1.0,0.0,1.0,0.0,0.0
S10_kinect_2_clip380.npy,1.0,0.0,1.0,0.0,0.0
S10_kinect_2_clip381.npy,1.0,0.0,1.0,0.0,0.0
S10_kinect_2_clip382.npy,1.0,0.0,1.0,0.0,0.0
S10_kinect_2_clip383.npy,1.0,0.0,1.0,0.0,0.0
S10_kinect_2_clip384.npy,1.0,0.0,1.0,0.0,0.0
S10_kinect_2_clip385.npy,1.0,0.0,1.0,0.0,0.0
S10_kinect_2_clip386.npy,1.0,0.0,1.0,0.0,0.0
S10_kinect_2_clip387.npy,1.0,0.0,1.0,0.0,0.0
S10_kinect_2_clip388.npy,1.0,0.0,1.0,0.0,0.0
S10_kinect_2_clip389.npy,1.0,0.0,1.0,0.0,0.0
S10_kinect_2_clip390.npy,1.0,0.0,1.0,0.0,0.0
S10_kinect_2_clip391.npy,1.0,0.0,1.0,0.0,0.0
S10_kinect_2_clip392.npy,1.0,0.0,1.0,0.0,0.0
S10_kinect_2_clip393.npy,1.0,0.0,1.0,0.0,0.0
S10_kinect_2_clip394.npy,1.0,0.0,1.0,0.0,0.0
S10_kinect_2_clip395.npy,1.0,0.0,1.0,0.0,0.0
S10_kinect_2_clip396.npy,1.0,0.0,1.0,0.0,0.0
S10_kinect_2_clip397.npy,1.0,0.0,1.0,0.0,0.0
S10_kinect_2_clip398.npy,1.0,0.0,1.0,0.0,0.0
S10_kinect_2_clip399.npy,1.0,0.0,1.0,0.0,0.0
S10_kinect_2_clip400.npy,1.0,0.0,1.0,0.0,0.0
S10_kinect_2_clip401.npy,1.0,0.0,1.0,0.0,0.0
S10_kinect_2_clip402.npy,1.0,0.0,1.0,0.0,0.0
S10_kinect_2_clip403.npy,1.0,0.0,1.0,0.0,0.0
S10_kinect_2_clip404.npy,1.0,0.0,1.0,0.0,0.0
S10_kinect_2_clip405.npy,1.0,0.0,1.0,0.0,0.0
S10_kinect_2_clip406.npy,1.0,0.0,1.0,0.0,0.0
S10_kinect_2_clip407.npy,1.0,0.0,1.0,0.0,0.0
S10_kinect_2_clip408.npy,1.0,0.0,1.0,0.0,0.0
S10_kinect_2_clip409.npy,1.0,0.0,1.0,0.0,0.0
S10_kinect_2_clip410.npy,1.0,0.0,1.0,0.0,0.0
S10_kinect_2_clip411.npy,1.0,0.0,1.0,0.0,0.0
S10_kinect_2_clip412.npy,1.0,0.0,1.0,0.0,0.0
S10_kinect_2_clip413.npy,1.0,0.0,1.0,0.0,0.0
S10_kinect_2_clip414.npy,1.0,0.0,1.0,0.0,0.0
S10_kinect_2_clip415.npy,1.0,0.0,1.0,0.0,0.0
S10_kinect_2_clip416.npy,1.0,0.0,1.0,0.0,0.0
S10_kinect_2_clip417.npy,1.0,0.0,1.0,0.0,0.0
S10_kinect_2_clip418.npy,1.0,0.0,1.0,0.0,0.0
S10_kinect_2_clip419.npy,1.0,0.0,1.0,0.0,0.0
S10_kinect_2_clip420.npy,1.0,0.0,1.0,0.0,0.0
S10_kinect_2_clip421.npy,1.0,0.0,1.0,0.0,0.0
S10_kinect_2_clip422.npy,1.0,0.0,1.0,0.0,0.0
S10_kinect_2_clip423.npy,1.0,0.0,1.0,0.0,0.0
S10_kinect_2_clip424.npy,1.0,0.0,1.0,0.0,0.0
S10_kinect_2_clip425.npy,1.0,0.0,1.0,0.0,0.0
S10_kinect_2_clip426.npy,1.0,0.0,1.0,0.0,0.0
S10_kinect_2_clip427.npy,1.0,0.0,1.0,0.0,0.0
S10_kinect_2_clip428.npy,1.0,0.0,1.0,0.0,0.0
S10_kinect_2_clip429.npy,1.0,0.0,1.0,0.0,0.0
S10_kinect_2_clip430.npy,1.0,0.0,1.0,0.0,0.0
S10_kinect_2_clip431.npy,1.0,0.0,1.0,0.0,0.0
S10_kinect_2_clip432.npy,1.0,0.0,1.0,0.0,0.0
S10_kinect_2_clip433.npy,1.0,0.0,1.0,0.0,0.0
S10_kinect_2_clip434.npy,1.0,0.0,1.0,0.0,0.0
S10_kinect_2_clip435.npy,1.0,0.0,1.0,0.0,0.0
S10_kinect_2_clip436.npy,1.0,0.0,1.0,0.0,0.0
S10_kinect_2_clip437.npy,1.0,0.0,1.0,0.0,0.0
S10_kinect_2_clip438.npy,1.0,0.0,1.0,0.0,0.0
S10_kinect_2_clip439.npy,1.0,0.0,1.0,0.0,0.0
S10_kinect_2_clip440.npy,1.0,0.0,1.0,0.0,0.0
S10_kinect_2_clip441.npy,1.0,0.0,1.0,0.0,0.0
S10_kinect_2_clip442.npy,1.0,0.0,1.0,0.0,0.0
S10_kinect_2_clip443.npy,1.0,0.0,1.0,0.0,0.0
S10_kinect_2_clip444.npy,1.0,0.0,1.0,0.0,0.0
S10_kinect_2_clip445.npy,1.0,0.0,1.0,0.0,0.0
S10_kinect_2_clip446.npy,1.0,0.0,1.0,0.0,0.0
S10_kinect_2_clip447.npy,1.0,0.0,1.0,0.0,0.0
S10_kinect_2_clip448.npy,1.0,0.0,1.0,0.0,0.0
S10_kinect_2_clip449.npy,1.0,0.0,1.0,0.0,0.0
S10_kinect_2_clip450.npy,1.0,0.0,1.0,0.0,0.0
S10_kinect_2_clip451.npy,1.0,0.0,1.0,0.0,0.0
S10_kinect_2_clip452.npy,1.0,0.0,1.0,0.0,0.0
S10_kinect_2_clip453.npy,1.0,0.0,1.0,0.0,0.0
S10_kinect_2_clip454.npy,1.0,0.0,1.0,0.0,0.0
S10_kinect_2_clip455.npy,1.0,0.0,1.0,0.0,0.0
S10_kinect_2_clip456.npy,1.0,0.0,1.0,0.0,0.0
S10_kinect_2_clip457.npy,1.0,0.0,1.0,0.0,0.0
S10_kinect_2_clip458.npy,1.0,0.0,1.0,0.0,0.0
S10_kinect_2_clip459.npy,1.0,0.0,1.0,0.0,0.0
S10_kinect_2_clip460.npy,1.0,0.0,1.0,0.0,0.0
S10_kinect_2_clip461.npy,1.0,0.0,1.0,0.0,0.0
S10_kinect_2_clip462.npy,1.0,0.0,1.0,0.0,0.0
S10_kinect_2_clip463.npy,1.0,0.0,1.0,0.0,0.0
